N,kernel,impl,seconds
1000,mtotdev,allantools,1.963709429000005
1000,mtotdev,numba,0.00501859299993157
1000,htotdev,allantools,2.1061312550000366
1000,htotdev,numba,0.005307250999976532
4000,mtotdev,allantools,30.23293956300006
4000,mtotdev,numba,0.08057213799997953
4000,htotdev,allantools,32.51093575799996
4000,htotdev,numba,0.08324607400004425
16000,mtotdev,numba,1.3251036179999574
16000,htotdev,numba,1.3396643969999786
