{
  "mtotdev.allantools.N1000": [
    6.882819223866501e-13,
    4.865760670399393e-13,
    3.1967124741535427e-13,
    2.14632204318297e-13,
    1.6055536342446897e-13,
    1.2163168058473764e-13,
    8.554284656690599e-14,
    4.9863523082326854e-14,
    3.11417501125331e-14
  ],
  "mtotdev.numba.N1000": [
    6.882819223866501e-13,
    4.865760670399393e-13,
    3.1967124741535427e-13,
    2.1463220431829694e-13,
    1.6055536342446902e-13,
    1.216316805847376e-13,
    8.554284656690603e-14,
    4.986352308232684e-14,
    3.11417501125331e-14
  ],
  "htotdev.allantools.N1000": [
    9.742476526641344e-13,
    6.810715424176952e-13,
    4.925027808888083e-13,
    3.406924363602873e-13,
    2.4781139032707364e-13,
    1.9125738987962852e-13,
    1.3631253744237072e-13,
    9.252542507886359e-14,
    5.657188459200889e-14
  ],
  "htotdev.numba.N1000": [
    9.74247652664134e-13,
    6.810715424176958e-13,
    4.925027808888078e-13,
    3.406924363602879e-13,
    2.4781139032707364e-13,
    1.9125738987962857e-13,
    1.3631253744237075e-13,
    9.252542507886356e-14,
    5.6571884592008865e-14
  ],
  "mtotdev.allantools.N4000": [
    7.154533837172324e-13,
    5.023608659322556e-13,
    3.208646340411925e-13,
    2.1876424609511355e-13,
    1.5725555737799639e-13,
    1.1199388636917672e-13,
    7.951648125007945e-14,
    5.73116533537184e-14,
    4.74551148267012e-14,
    2.3578217925051503e-14,
    2.102266521909813e-14
  ],
  "mtotdev.numba.N4000": [
    7.154533837172324e-13,
    5.023608659322556e-13,
    3.2086463404119244e-13,
    2.187642460951137e-13,
    1.5725555737799639e-13,
    1.119938863691766e-13,
    7.95164812500795e-14,
    5.731165335371841e-14,
    4.7455114826701184e-14,
    2.357821792505148e-14,
    2.1022665219098125e-14
  ],
  "htotdev.allantools.N4000": [
    1.0170038133167572e-12,
    7.040811424406056e-13,
    4.996495868050595e-13,
    3.477882699265733e-13,
    2.494576363988069e-13,
    1.7964874693031983e-13,
    1.3116508880912899e-13,
    8.216878373078887e-14,
    7.480960575079067e-14,
    4.57518466166021e-14,
    2.2834325095662022e-14
  ],
  "htotdev.numba.N4000": [
    1.017003813316756e-12,
    7.040811424406056e-13,
    4.996495868050602e-13,
    3.4778826992657333e-13,
    2.4945763639880715e-13,
    1.7964874693032013e-13,
    1.3116508880912863e-13,
    8.216878373078879e-14,
    7.480960575079074e-14,
    4.575184661660212e-14,
    2.2834325095662013e-14
  ],
  "mtotdev.numba.N16000": [
    7.115371858114475e-13,
    5.085910062672201e-13,
    3.262154441461843e-13,
    2.2568325398061044e-13,
    1.6187026848281475e-13,
    1.1628618565041617e-13,
    8.159935912755684e-14,
    5.78522521341988e-14,
    4.0376757123514385e-14,
    3.395932667488342e-14,
    2.1544760103542588e-14,
    1.463666129522643e-14,
    9.20624665075155e-15
  ],
  "htotdev.numba.N16000": [
    1.005378938199843e-12,
    7.122988940229761e-13,
    5.044089107463223e-13,
    3.5437755618262825e-13,
    2.5599714464402213e-13,
    1.8676076242805274e-13,
    1.2719136666955674e-13,
    9.646323640141035e-14,
    6.165805912111918e-14,
    5.0992543062183616e-14,
    3.621366110095356e-14,
    2.2577194766930714e-14,
    1.9236411384945806e-14
  ]
}